<?xml version="1.0" encoding="utf-8"?>
<extension version="3.0" type="plugin" group="uniform" method="upgrade">
    <name>PLG_UNIFORM_PAYMENT_2CHECKOUT</name>
    <version>1.0.8</version>
    <creationDate>09/14/2021</creationDate>
    <author>JoomlaShine.com</author>
    <authorEmail>admin@joomlashine.com</authorEmail>
    <authorUrl>www.joomlashine.com</authorUrl>
    <copyright>Copyright (C) 2013 JoomlaShine.com. All Rights Reserved.</copyright>
    <license>GNU/GPL v2 or later http://www.gnu.org/licenses/gpl-2.0.html</license>
    <description>PLG_UNIFORM_PAYMENT_2CHECKOUT_XML_DESCRIPTION</description>
    <scriptfile>subinstall.php</scriptfile>
    <install>
        <sql>
            <file charset="utf8" driver="mysql">install.mysql.sql</file>
        </sql>
    </install>
    <uninstall>
        <sql>
            <file charset="utf8" driver="mysql">uninstall.mysql.sql</file>
        </sql>
    </uninstall>
    <update>
        <schemas>
            <schemapath type="mysql">sql/updates/mysql</schemapath>
        </schemas>
    </update>
    <updateservers>
        <server type="collection" name="JSN Uniform Update Server">https://www.joomlashine.com/versioning/extensions/com_uniform.xml</server>
    </updateservers>
    <files>
        <filename plugin="payment_2checkout">payment_2checkout.php</filename>
        <filename>config.xml</filename>
        <filename>index.html</filename>
        <filename>defines.php</filename>
        <filename>subinstall.php</filename>
        <filename>install.mysql.sql</filename>
        <filename>uninstall.mysql.sql</filename>
        <folder>form</folder>
        <folder>assets</folder>
        <folder>helpers</folder>
        <folder>language</folder>
        <folder>sql</folder>
    </files>
    <languages>
        <language tag="en-GB">language/en-GB/en-GB.plg_uniform_payment_2checkout.ini</language>
        <language tag="en-GB">language/en-GB/en-GB.plg_uniform_payment_2checkout.sys.ini</language>
    </languages>
    <config />
</extension>
